-- ============================================================
-- V2 Construction Library — seed data (idempotent)
-- Run AFTER construction_schema.sql on a fresh Supabase project.
-- ============================================================

-- Units
INSERT INTO public.units(code,label_en,label_zh,sort_order) VALUES ('sqft','Square Foot','平方英尺',1) ON CONFLICT (code) DO NOTHING;
INSERT INTO public.units(code,label_en,label_zh,sort_order) VALUES ('lf','Linear Foot','线性英尺',2) ON CONFLICT (code) DO NOTHING;
INSERT INTO public.units(code,label_en,label_zh,sort_order) VALUES ('ea','Each','个',3) ON CONFLICT (code) DO NOTHING;
INSERT INTO public.units(code,label_en,label_zh,sort_order) VALUES ('sq','Square (100 sqft)','百平方英尺',4) ON CONFLICT (code) DO NOTHING;
INSERT INTO public.units(code,label_en,label_zh,sort_order) VALUES ('job','Job','项',5) ON CONFLICT (code) DO NOTHING;
INSERT INTO public.units(code,label_en,label_zh,sort_order) VALUES ('hr','Hour','小时',6) ON CONFLICT (code) DO NOTHING;

-- Pricing Types
INSERT INTO public.pricing_types(code,label_en,label_zh,sort_order) VALUES ('Labor Only','Labor Only','仅人工',1) ON CONFLICT (code) DO NOTHING;
INSERT INTO public.pricing_types(code,label_en,label_zh,sort_order) VALUES ('Labor + Material','Labor + Material','人工+材料',2) ON CONFLICT (code) DO NOTHING;
INSERT INTO public.pricing_types(code,label_en,label_zh,sort_order) VALUES ('Customer Supplied Material','Customer Supplied Material','客户提供材料',3) ON CONFLICT (code) DO NOTHING;
INSERT INTO public.pricing_types(code,label_en,label_zh,sort_order) VALUES ('Turnkey','Turnkey','整包',4) ON CONFLICT (code) DO NOTHING;
INSERT INTO public.pricing_types(code,label_en,label_zh,sort_order) VALUES ('Estimate','Estimate','估价',5) ON CONFLICT (code) DO NOTHING;
INSERT INTO public.pricing_types(code,label_en,label_zh,sort_order) VALUES ('Custom','Custom','自定义',6) ON CONFLICT (code) DO NOTHING;

-- Categories (20)
INSERT INTO public.categories(id,name_en,name_zh,icon,sort_order) VALUES ('demo','Demolition','拆除工程','Hammer',1) ON CONFLICT (id) DO NOTHING;
INSERT INTO public.categories(id,name_en,name_zh,icon,sort_order) VALUES ('framing','Rough Framing','粗木工','Construction',2) ON CONFLICT (id) DO NOTHING;
INSERT INTO public.categories(id,name_en,name_zh,icon,sort_order) VALUES ('drywall','Drywall','石膏板','Square',3) ON CONFLICT (id) DO NOTHING;
INSERT INTO public.categories(id,name_en,name_zh,icon,sort_order) VALUES ('paint','Painting','油漆工程','Paintbrush',4) ON CONFLICT (id) DO NOTHING;
INSERT INTO public.categories(id,name_en,name_zh,icon,sort_order) VALUES ('flooring','Flooring','地板工程','LayoutGrid',5) ON CONFLICT (id) DO NOTHING;
INSERT INTO public.categories(id,name_en,name_zh,icon,sort_order) VALUES ('electrical','Electrical','电气工程','Zap',6) ON CONFLICT (id) DO NOTHING;
INSERT INTO public.categories(id,name_en,name_zh,icon,sort_order) VALUES ('plumbing','Plumbing','水暖工程','Droplet',7) ON CONFLICT (id) DO NOTHING;
INSERT INTO public.categories(id,name_en,name_zh,icon,sort_order) VALUES ('hvac','HVAC','HVAC 暖通','Wind',8) ON CONFLICT (id) DO NOTHING;
INSERT INTO public.categories(id,name_en,name_zh,icon,sort_order) VALUES ('kitchen','Kitchen Remodel','厨房翻新','ChefHat',9) ON CONFLICT (id) DO NOTHING;
INSERT INTO public.categories(id,name_en,name_zh,icon,sort_order) VALUES ('bath','Bathroom Remodel','卫生间翻新','Bath',10) ON CONFLICT (id) DO NOTHING;
INSERT INTO public.categories(id,name_en,name_zh,icon,sort_order) VALUES ('doorwindow','Doors & Windows','门窗工程','DoorOpen',11) ON CONFLICT (id) DO NOTHING;
INSERT INTO public.categories(id,name_en,name_zh,icon,sort_order) VALUES ('roof','Roofing','屋顶工程','Home',12) ON CONFLICT (id) DO NOTHING;
INSERT INTO public.categories(id,name_en,name_zh,icon,sort_order) VALUES ('siding','Siding & Exterior','外墙工程','Building2',13) ON CONFLICT (id) DO NOTHING;
INSERT INTO public.categories(id,name_en,name_zh,icon,sort_order) VALUES ('concrete','Concrete','混凝土工程','Box',14) ON CONFLICT (id) DO NOTHING;
INSERT INTO public.categories(id,name_en,name_zh,icon,sort_order) VALUES ('landscape','Landscaping','园林绿化','Trees',15) ON CONFLICT (id) DO NOTHING;
INSERT INTO public.categories(id,name_en,name_zh,icon,sort_order) VALUES ('fence','Fencing','围栏工程','Fence',16) ON CONFLICT (id) DO NOTHING;
INSERT INTO public.categories(id,name_en,name_zh,icon,sort_order) VALUES ('deck','Deck & Patio','露台工程','Grid3x3',17) ON CONFLICT (id) DO NOTHING;
INSERT INTO public.categories(id,name_en,name_zh,icon,sort_order) VALUES ('adu','ADU Addition','ADU 加建','Plus',18) ON CONFLICT (id) DO NOTHING;
INSERT INTO public.categories(id,name_en,name_zh,icon,sort_order) VALUES ('lowvoltage','Low Voltage','弱电工程','Cable',19) ON CONFLICT (id) DO NOTHING;
INSERT INTO public.categories(id,name_en,name_zh,icon,sort_order) VALUES ('general','General Conditions','总包条件','ClipboardList',20) ON CONFLICT (id) DO NOTHING;

-- Construction Items (236)
INSERT INTO public.construction_items(id,category_id,name_en,name_zh,unit,default_pricing,labor_rate,material_rate,hours_per_unit) VALUES ('demo-1','demo','General Interior Demo','室内拆除','sqft','Labor Only',2.5,0,0.05) ON CONFLICT (id) DO NOTHING;
INSERT INTO public.construction_items(id,category_id,name_en,name_zh,unit,default_pricing,labor_rate,material_rate,hours_per_unit) VALUES ('demo-2','demo','Kitchen Cabinet Removal','厨房橱柜拆除','lf','Labor Only',15,0,0.3) ON CONFLICT (id) DO NOTHING;
INSERT INTO public.construction_items(id,category_id,name_en,name_zh,unit,default_pricing,labor_rate,material_rate,hours_per_unit) VALUES ('demo-3','demo','Flooring Removal (Tile)','地砖拆除','sqft','Labor Only',3.5,0,0.06) ON CONFLICT (id) DO NOTHING;
INSERT INTO public.construction_items(id,category_id,name_en,name_zh,unit,default_pricing,labor_rate,material_rate,hours_per_unit) VALUES ('demo-4','demo','Bathtub Removal','浴缸拆除','ea','Labor Only',250,0,3) ON CONFLICT (id) DO NOTHING;
INSERT INTO public.construction_items(id,category_id,name_en,name_zh,unit,default_pricing,labor_rate,material_rate,hours_per_unit) VALUES ('framing-1','framing','Interior Wall Framing','室内墙体框架','lf','Labor + Material',18,12,0.4) ON CONFLICT (id) DO NOTHING;
INSERT INTO public.construction_items(id,category_id,name_en,name_zh,unit,default_pricing,labor_rate,material_rate,hours_per_unit) VALUES ('framing-2','framing','Header Installation','门梁安装','ea','Labor + Material',180,85,2) ON CONFLICT (id) DO NOTHING;
INSERT INTO public.construction_items(id,category_id,name_en,name_zh,unit,default_pricing,labor_rate,material_rate,hours_per_unit) VALUES ('drywall-1','drywall','Drywall Install (1/2")','石膏板安装 (1/2")','sqft','Labor + Material',1.8,0.9,0.04) ON CONFLICT (id) DO NOTHING;
INSERT INTO public.construction_items(id,category_id,name_en,name_zh,unit,default_pricing,labor_rate,material_rate,hours_per_unit) VALUES ('drywall-2','drywall','Tape & Texture','石膏板接缝与喷涂','sqft','Labor + Material',1.5,0.4,0.03) ON CONFLICT (id) DO NOTHING;
INSERT INTO public.construction_items(id,category_id,name_en,name_zh,unit,default_pricing,labor_rate,material_rate,hours_per_unit) VALUES ('paint-1','paint','Interior Wall Paint (2 coats)','室内墙面油漆（两遍）','sqft','Labor + Material',1.2,0.6,0.02) ON CONFLICT (id) DO NOTHING;
INSERT INTO public.construction_items(id,category_id,name_en,name_zh,unit,default_pricing,labor_rate,material_rate,hours_per_unit) VALUES ('paint-2','paint','Cabinet Refinishing','橱柜翻新','ea','Labor + Material',85,25,1.5) ON CONFLICT (id) DO NOTHING;
INSERT INTO public.construction_items(id,category_id,name_en,name_zh,unit,default_pricing,labor_rate,material_rate,hours_per_unit) VALUES ('paint-3','paint','Exterior Stucco Paint','外墙拉毛漆','sqft','Labor + Material',2.2,0.9,0.03) ON CONFLICT (id) DO NOTHING;
INSERT INTO public.construction_items(id,category_id,name_en,name_zh,unit,default_pricing,labor_rate,material_rate,hours_per_unit) VALUES ('flooring-1','flooring','LVP Installation','LVP 地板安装','sqft','Labor + Material',2.5,3.5,0.05) ON CONFLICT (id) DO NOTHING;
INSERT INTO public.construction_items(id,category_id,name_en,name_zh,unit,default_pricing,labor_rate,material_rate,hours_per_unit) VALUES ('flooring-2','flooring','SPC Installation','SPC 地板安装','sqft','Labor + Material',2.5,4.0,0.05) ON CONFLICT (id) DO NOTHING;
INSERT INTO public.construction_items(id,category_id,name_en,name_zh,unit,default_pricing,labor_rate,material_rate,hours_per_unit) VALUES ('flooring-3','flooring','Hardwood Installation','实木地板安装','sqft','Labor + Material',4.5,6.5,0.08) ON CONFLICT (id) DO NOTHING;
INSERT INTO public.construction_items(id,category_id,name_en,name_zh,unit,default_pricing,labor_rate,material_rate,hours_per_unit) VALUES ('flooring-4','flooring','Tile Installation','瓷砖安装','sqft','Labor + Material',6.5,5.0,0.12) ON CONFLICT (id) DO NOTHING;
INSERT INTO public.construction_items(id,category_id,name_en,name_zh,unit,default_pricing,labor_rate,material_rate,hours_per_unit) VALUES ('flooring-5','flooring','Self-Leveling Underlayment','自流平垫层','sqft','Labor + Material',1.8,1.2,0.04) ON CONFLICT (id) DO NOTHING;
INSERT INTO public.construction_items(id,category_id,name_en,name_zh,unit,default_pricing,labor_rate,material_rate,hours_per_unit) VALUES ('flooring-6','flooring','Baseboard Installation','踢脚线安装','lf','Labor + Material',3.5,1.8,0.08) ON CONFLICT (id) DO NOTHING;
INSERT INTO public.construction_items(id,category_id,name_en,name_zh,unit,default_pricing,labor_rate,material_rate,hours_per_unit) VALUES ('electrical-1','electrical','Outlet / Receptacle','插座安装','ea','Labor + Material',65,18,0.75) ON CONFLICT (id) DO NOTHING;
INSERT INTO public.construction_items(id,category_id,name_en,name_zh,unit,default_pricing,labor_rate,material_rate,hours_per_unit) VALUES ('electrical-2','electrical','Recessed Light (6")','嵌入式筒灯 (6")','ea','Labor + Material',95,35,1) ON CONFLICT (id) DO NOTHING;
INSERT INTO public.construction_items(id,category_id,name_en,name_zh,unit,default_pricing,labor_rate,material_rate,hours_per_unit) VALUES ('electrical-3','electrical','200A Panel Upgrade','200A 电箱升级','ea','Turnkey',1800,1200,16) ON CONFLICT (id) DO NOTHING;
INSERT INTO public.construction_items(id,category_id,name_en,name_zh,unit,default_pricing,labor_rate,material_rate,hours_per_unit) VALUES ('electrical-4','electrical','EV Charger Circuit','EV 充电桩电路','ea','Turnkey',650,350,6) ON CONFLICT (id) DO NOTHING;
INSERT INTO public.construction_items(id,category_id,name_en,name_zh,unit,default_pricing,labor_rate,material_rate,hours_per_unit) VALUES ('plumbing-1','plumbing','Toilet Install','马桶安装','ea','Labor + Material',285,220,2.5) ON CONFLICT (id) DO NOTHING;
INSERT INTO public.construction_items(id,category_id,name_en,name_zh,unit,default_pricing,labor_rate,material_rate,hours_per_unit) VALUES ('plumbing-2','plumbing','Water Heater (50gal)','热水器 (50加仑)','ea','Turnkey',650,950,5) ON CONFLICT (id) DO NOTHING;
INSERT INTO public.construction_items(id,category_id,name_en,name_zh,unit,default_pricing,labor_rate,material_rate,hours_per_unit) VALUES ('plumbing-3','plumbing','Shower Valve Rough-in','淋浴阀门粗装','ea','Labor + Material',350,180,3) ON CONFLICT (id) DO NOTHING;
INSERT INTO public.construction_items(id,category_id,name_en,name_zh,unit,default_pricing,labor_rate,material_rate,hours_per_unit) VALUES ('hvac-1','hvac','Mini-Split (12k BTU)','分体空调 (12k BTU)','ea','Turnkey',1200,1800,10) ON CONFLICT (id) DO NOTHING;
INSERT INTO public.construction_items(id,category_id,name_en,name_zh,unit,default_pricing,labor_rate,material_rate,hours_per_unit) VALUES ('hvac-2','hvac','Ductwork Run','风管铺设','lf','Labor + Material',25,18,0.4) ON CONFLICT (id) DO NOTHING;
INSERT INTO public.construction_items(id,category_id,name_en,name_zh,unit,default_pricing,labor_rate,material_rate,hours_per_unit) VALUES ('kitchen-1','kitchen','Cabinet Install (Stock)','厨柜安装（成品柜）','lf','Labor + Material',85,220,1.2) ON CONFLICT (id) DO NOTHING;
INSERT INTO public.construction_items(id,category_id,name_en,name_zh,unit,default_pricing,labor_rate,material_rate,hours_per_unit) VALUES ('kitchen-2','kitchen','Quartz Countertop','石英石台面','sqft','Turnkey',18,55,0.2) ON CONFLICT (id) DO NOTHING;
INSERT INTO public.construction_items(id,category_id,name_en,name_zh,unit,default_pricing,labor_rate,material_rate,hours_per_unit) VALUES ('kitchen-3','kitchen','Backsplash Tile','厨房墙砖','sqft','Labor + Material',12,8,0.25) ON CONFLICT (id) DO NOTHING;
INSERT INTO public.construction_items(id,category_id,name_en,name_zh,unit,default_pricing,labor_rate,material_rate,hours_per_unit) VALUES ('bath-1','bath','Full Bath Remodel (Standard)','整体卫浴翻新（标准）','ea','Turnkey',8500,6500,80) ON CONFLICT (id) DO NOTHING;
INSERT INTO public.construction_items(id,category_id,name_en,name_zh,unit,default_pricing,labor_rate,material_rate,hours_per_unit) VALUES ('bath-2','bath','Tile Shower Surround','瓷砖淋浴墙','sqft','Labor + Material',18,12,0.35) ON CONFLICT (id) DO NOTHING;
INSERT INTO public.construction_items(id,category_id,name_en,name_zh,unit,default_pricing,labor_rate,material_rate,hours_per_unit) VALUES ('bath-3','bath','Vanity Install (36")','浴室柜安装 (36")','ea','Labor + Material',285,650,3) ON CONFLICT (id) DO NOTHING;
INSERT INTO public.construction_items(id,category_id,name_en,name_zh,unit,default_pricing,labor_rate,material_rate,hours_per_unit) VALUES ('doorwindow-1','doorwindow','Interior Door (Prehung)','室内门（成品门）','ea','Labor + Material',185,195,2) ON CONFLICT (id) DO NOTHING;
INSERT INTO public.construction_items(id,category_id,name_en,name_zh,unit,default_pricing,labor_rate,material_rate,hours_per_unit) VALUES ('doorwindow-2','doorwindow','Vinyl Window Replacement','塑钢窗更换','ea','Turnkey',285,425,3) ON CONFLICT (id) DO NOTHING;
INSERT INTO public.construction_items(id,category_id,name_en,name_zh,unit,default_pricing,labor_rate,material_rate,hours_per_unit) VALUES ('doorwindow-3','doorwindow','Sliding Glass Door','推拉玻璃门','ea','Turnkey',850,1450,8) ON CONFLICT (id) DO NOTHING;
INSERT INTO public.construction_items(id,category_id,name_en,name_zh,unit,default_pricing,labor_rate,material_rate,hours_per_unit) VALUES ('roof-1','roof','Composition Shingle Reroof','沥青瓦屋顶翻新','sq','Turnkey',285,165,4) ON CONFLICT (id) DO NOTHING;
INSERT INTO public.construction_items(id,category_id,name_en,name_zh,unit,default_pricing,labor_rate,material_rate,hours_per_unit) VALUES ('roof-2','roof','Gutter Install','雨水槽安装','lf','Labor + Material',6,5,0.15) ON CONFLICT (id) DO NOTHING;
INSERT INTO public.construction_items(id,category_id,name_en,name_zh,unit,default_pricing,labor_rate,material_rate,hours_per_unit) VALUES ('siding-1','siding','Stucco Repair','拉毛墙修补','sqft','Labor + Material',8,3,0.15) ON CONFLICT (id) DO NOTHING;
INSERT INTO public.construction_items(id,category_id,name_en,name_zh,unit,default_pricing,labor_rate,material_rate,hours_per_unit) VALUES ('siding-2','siding','Hardie Plank Siding','Hardie 板外墙','sqft','Labor + Material',5.5,4.5,0.1) ON CONFLICT (id) DO NOTHING;
INSERT INTO public.construction_items(id,category_id,name_en,name_zh,unit,default_pricing,labor_rate,material_rate,hours_per_unit) VALUES ('concrete-1','concrete','Concrete Slab (4")','混凝土地坪 (4")','sqft','Turnkey',7,5,0.15) ON CONFLICT (id) DO NOTHING;
INSERT INTO public.construction_items(id,category_id,name_en,name_zh,unit,default_pricing,labor_rate,material_rate,hours_per_unit) VALUES ('concrete-2','concrete','Driveway Apron','车道延伸','sqft','Turnkey',9,6,0.18) ON CONFLICT (id) DO NOTHING;
INSERT INTO public.construction_items(id,category_id,name_en,name_zh,unit,default_pricing,labor_rate,material_rate,hours_per_unit) VALUES ('landscape-1','landscape','Sod Installation','草皮铺设','sqft','Labor + Material',0.8,0.6,0.02) ON CONFLICT (id) DO NOTHING;
INSERT INTO public.construction_items(id,category_id,name_en,name_zh,unit,default_pricing,labor_rate,material_rate,hours_per_unit) VALUES ('landscape-2','landscape','Drip Irrigation Zone','滴灌系统分区','ea','Turnkey',350,220,4) ON CONFLICT (id) DO NOTHING;
INSERT INTO public.construction_items(id,category_id,name_en,name_zh,unit,default_pricing,labor_rate,material_rate,hours_per_unit) VALUES ('fence-1','fence','Wood Privacy Fence (6'')','木质围栏 (6'')','lf','Labor + Material',22,18,0.5) ON CONFLICT (id) DO NOTHING;
INSERT INTO public.construction_items(id,category_id,name_en,name_zh,unit,default_pricing,labor_rate,material_rate,hours_per_unit) VALUES ('fence-2','fence','Vinyl Fence','塑料围栏','lf','Labor + Material',25,32,0.55) ON CONFLICT (id) DO NOTHING;
INSERT INTO public.construction_items(id,category_id,name_en,name_zh,unit,default_pricing,labor_rate,material_rate,hours_per_unit) VALUES ('deck-1','deck','Composite Deck Build','复合材料露台','sqft','Turnkey',28,22,0.6) ON CONFLICT (id) DO NOTHING;
INSERT INTO public.construction_items(id,category_id,name_en,name_zh,unit,default_pricing,labor_rate,material_rate,hours_per_unit) VALUES ('deck-2','deck','Concrete Patio','混凝土露台','sqft','Turnkey',8,6,0.15) ON CONFLICT (id) DO NOTHING;
INSERT INTO public.construction_items(id,category_id,name_en,name_zh,unit,default_pricing,labor_rate,material_rate,hours_per_unit) VALUES ('adu-1','adu','Detached ADU (per sqft)','独立 ADU（按平方英尺）','sqft','Turnkey',180,200,1.2) ON CONFLICT (id) DO NOTHING;
INSERT INTO public.construction_items(id,category_id,name_en,name_zh,unit,default_pricing,labor_rate,material_rate,hours_per_unit) VALUES ('adu-2','adu','Garage Conversion ADU','车库改 ADU','sqft','Turnkey',140,160,0.9) ON CONFLICT (id) DO NOTHING;
INSERT INTO public.construction_items(id,category_id,name_en,name_zh,unit,default_pricing,labor_rate,material_rate,hours_per_unit) VALUES ('v2-demo-0','demo','Carpet Removal','地毯拆除','sqft','Estimate',0,0,0) ON CONFLICT (id) DO NOTHING;
INSERT INTO public.construction_items(id,category_id,name_en,name_zh,unit,default_pricing,labor_rate,material_rate,hours_per_unit) VALUES ('v2-demo-1','demo','Tile Removal','瓷砖拆除','sqft','Estimate',0,0,0) ON CONFLICT (id) DO NOTHING;
INSERT INTO public.construction_items(id,category_id,name_en,name_zh,unit,default_pricing,labor_rate,material_rate,hours_per_unit) VALUES ('v2-demo-2','demo','Stone Removal','石材拆除','sqft','Estimate',0,0,0) ON CONFLICT (id) DO NOTHING;
INSERT INTO public.construction_items(id,category_id,name_en,name_zh,unit,default_pricing,labor_rate,material_rate,hours_per_unit) VALUES ('v2-demo-3','demo','Cabinet Removal','橱柜拆除','lf','Estimate',0,0,0) ON CONFLICT (id) DO NOTHING;
INSERT INTO public.construction_items(id,category_id,name_en,name_zh,unit,default_pricing,labor_rate,material_rate,hours_per_unit) VALUES ('v2-demo-4','demo','Countertop Removal','台面拆除','lf','Estimate',0,0,0) ON CONFLICT (id) DO NOTHING;
INSERT INTO public.construction_items(id,category_id,name_en,name_zh,unit,default_pricing,labor_rate,material_rate,hours_per_unit) VALUES ('v2-demo-5','demo','Shower Removal','淋浴间拆除','ea','Estimate',0,0,0) ON CONFLICT (id) DO NOTHING;
INSERT INTO public.construction_items(id,category_id,name_en,name_zh,unit,default_pricing,labor_rate,material_rate,hours_per_unit) VALUES ('v2-demo-6','demo','Toilet Removal','马桶拆除','ea','Estimate',0,0,0) ON CONFLICT (id) DO NOTHING;
INSERT INTO public.construction_items(id,category_id,name_en,name_zh,unit,default_pricing,labor_rate,material_rate,hours_per_unit) VALUES ('v2-demo-7','demo','Vanity Removal','浴室柜拆除','ea','Estimate',0,0,0) ON CONFLICT (id) DO NOTHING;
INSERT INTO public.construction_items(id,category_id,name_en,name_zh,unit,default_pricing,labor_rate,material_rate,hours_per_unit) VALUES ('v2-demo-8','demo','Drywall Removal','石膏板拆除','sqft','Estimate',0,0,0) ON CONFLICT (id) DO NOTHING;
INSERT INTO public.construction_items(id,category_id,name_en,name_zh,unit,default_pricing,labor_rate,material_rate,hours_per_unit) VALUES ('v2-demo-9','demo','Ceiling Removal','天花板拆除','sqft','Estimate',0,0,0) ON CONFLICT (id) DO NOTHING;
INSERT INTO public.construction_items(id,category_id,name_en,name_zh,unit,default_pricing,labor_rate,material_rate,hours_per_unit) VALUES ('v2-demo-10','demo','Interior Wall Removal','室内墙体拆除','sqft','Estimate',0,0,0) ON CONFLICT (id) DO NOTHING;
INSERT INTO public.construction_items(id,category_id,name_en,name_zh,unit,default_pricing,labor_rate,material_rate,hours_per_unit) VALUES ('v2-demo-11','demo','Exterior Wall Removal','外墙拆除','sqft','Estimate',0,0,0) ON CONFLICT (id) DO NOTHING;
INSERT INTO public.construction_items(id,category_id,name_en,name_zh,unit,default_pricing,labor_rate,material_rate,hours_per_unit) VALUES ('v2-demo-12','demo','Door Removal','门拆除','ea','Estimate',0,0,0) ON CONFLICT (id) DO NOTHING;
INSERT INTO public.construction_items(id,category_id,name_en,name_zh,unit,default_pricing,labor_rate,material_rate,hours_per_unit) VALUES ('v2-demo-13','demo','Window Removal','窗户拆除','ea','Estimate',0,0,0) ON CONFLICT (id) DO NOTHING;
INSERT INTO public.construction_items(id,category_id,name_en,name_zh,unit,default_pricing,labor_rate,material_rate,hours_per_unit) VALUES ('v2-demo-14','demo','Dumpster Service','垃圾箱服务','job','Estimate',0,0,0) ON CONFLICT (id) DO NOTHING;
INSERT INTO public.construction_items(id,category_id,name_en,name_zh,unit,default_pricing,labor_rate,material_rate,hours_per_unit) VALUES ('v2-demo-15','demo','Site Protection','现场保护','job','Estimate',0,0,0) ON CONFLICT (id) DO NOTHING;
INSERT INTO public.construction_items(id,category_id,name_en,name_zh,unit,default_pricing,labor_rate,material_rate,hours_per_unit) VALUES ('v2-demo-16','demo','Debris Hauling','垃圾清运','job','Estimate',0,0,0) ON CONFLICT (id) DO NOTHING;
INSERT INTO public.construction_items(id,category_id,name_en,name_zh,unit,default_pricing,labor_rate,material_rate,hours_per_unit) VALUES ('v2-framing-17','framing','Load Bearing Wall Support','承重墙支撑','job','Estimate',0,0,0) ON CONFLICT (id) DO NOTHING;
INSERT INTO public.construction_items(id,category_id,name_en,name_zh,unit,default_pricing,labor_rate,material_rate,hours_per_unit) VALUES ('v2-framing-18','framing','Beam Installation','横梁安装','ea','Estimate',0,0,0) ON CONFLICT (id) DO NOTHING;
INSERT INTO public.construction_items(id,category_id,name_en,name_zh,unit,default_pricing,labor_rate,material_rate,hours_per_unit) VALUES ('v2-framing-19','framing','Closet Framing','壁橱框架','ea','Estimate',0,0,0) ON CONFLICT (id) DO NOTHING;
INSERT INTO public.construction_items(id,category_id,name_en,name_zh,unit,default_pricing,labor_rate,material_rate,hours_per_unit) VALUES ('v2-framing-20','framing','Stair Framing','楼梯框架','job','Estimate',0,0,0) ON CONFLICT (id) DO NOTHING;
INSERT INTO public.construction_items(id,category_id,name_en,name_zh,unit,default_pricing,labor_rate,material_rate,hours_per_unit) VALUES ('v2-framing-21','framing','Garage Conversion Framing','车库改建框架','job','Estimate',0,0,0) ON CONFLICT (id) DO NOTHING;
INSERT INTO public.construction_items(id,category_id,name_en,name_zh,unit,default_pricing,labor_rate,material_rate,hours_per_unit) VALUES ('v2-framing-22','framing','ADU Framing','ADU 框架','job','Estimate',0,0,0) ON CONFLICT (id) DO NOTHING;
INSERT INTO public.construction_items(id,category_id,name_en,name_zh,unit,default_pricing,labor_rate,material_rate,hours_per_unit) VALUES ('v2-framing-23','framing','Roof Framing','屋顶框架','sqft','Estimate',0,0,0) ON CONFLICT (id) DO NOTHING;
INSERT INTO public.construction_items(id,category_id,name_en,name_zh,unit,default_pricing,labor_rate,material_rate,hours_per_unit) VALUES ('v2-framing-24','framing','Deck Framing','露台框架','sqft','Estimate',0,0,0) ON CONFLICT (id) DO NOTHING;
INSERT INTO public.construction_items(id,category_id,name_en,name_zh,unit,default_pricing,labor_rate,material_rate,hours_per_unit) VALUES ('v2-framing-25','framing','Pergola Framing','凉亭框架','job','Estimate',0,0,0) ON CONFLICT (id) DO NOTHING;
INSERT INTO public.construction_items(id,category_id,name_en,name_zh,unit,default_pricing,labor_rate,material_rate,hours_per_unit) VALUES ('v2-framing-26','framing','Window Framing','窗户框架','ea','Estimate',0,0,0) ON CONFLICT (id) DO NOTHING;
INSERT INTO public.construction_items(id,category_id,name_en,name_zh,unit,default_pricing,labor_rate,material_rate,hours_per_unit) VALUES ('v2-framing-27','framing','Door Framing','门框架','ea','Estimate',0,0,0) ON CONFLICT (id) DO NOTHING;
INSERT INTO public.construction_items(id,category_id,name_en,name_zh,unit,default_pricing,labor_rate,material_rate,hours_per_unit) VALUES ('v2-drywall-28','drywall','Drywall Patch','石膏板修补','ea','Estimate',0,0,0) ON CONFLICT (id) DO NOTHING;
INSERT INTO public.construction_items(id,category_id,name_en,name_zh,unit,default_pricing,labor_rate,material_rate,hours_per_unit) VALUES ('v2-drywall-29','drywall','Moisture Resistant Drywall','防潮石膏板','sqft','Estimate',0,0,0) ON CONFLICT (id) DO NOTHING;
INSERT INTO public.construction_items(id,category_id,name_en,name_zh,unit,default_pricing,labor_rate,material_rate,hours_per_unit) VALUES ('v2-drywall-30','drywall','Fire Rated Drywall','防火石膏板','sqft','Estimate',0,0,0) ON CONFLICT (id) DO NOTHING;
INSERT INTO public.construction_items(id,category_id,name_en,name_zh,unit,default_pricing,labor_rate,material_rate,hours_per_unit) VALUES ('v2-drywall-31','drywall','Garage Drywall','车库石膏板','sqft','Estimate',0,0,0) ON CONFLICT (id) DO NOTHING;
INSERT INTO public.construction_items(id,category_id,name_en,name_zh,unit,default_pricing,labor_rate,material_rate,hours_per_unit) VALUES ('v2-drywall-32','drywall','Smooth Finish','光面处理','sqft','Estimate',0,0,0) ON CONFLICT (id) DO NOTHING;
INSERT INTO public.construction_items(id,category_id,name_en,name_zh,unit,default_pricing,labor_rate,material_rate,hours_per_unit) VALUES ('v2-drywall-33','drywall','Orange Peel Texture','橘皮纹理','sqft','Estimate',0,0,0) ON CONFLICT (id) DO NOTHING;
INSERT INTO public.construction_items(id,category_id,name_en,name_zh,unit,default_pricing,labor_rate,material_rate,hours_per_unit) VALUES ('v2-drywall-34','drywall','Knockdown Texture','拍打纹理','sqft','Estimate',0,0,0) ON CONFLICT (id) DO NOTHING;
INSERT INTO public.construction_items(id,category_id,name_en,name_zh,unit,default_pricing,labor_rate,material_rate,hours_per_unit) VALUES ('v2-drywall-35','drywall','Ceiling Repair','天花板修补','sqft','Estimate',0,0,0) ON CONFLICT (id) DO NOTHING;
INSERT INTO public.construction_items(id,category_id,name_en,name_zh,unit,default_pricing,labor_rate,material_rate,hours_per_unit) VALUES ('v2-drywall-36','drywall','Soundproof Wall','隔音墙','sqft','Estimate',0,0,0) ON CONFLICT (id) DO NOTHING;
INSERT INTO public.construction_items(id,category_id,name_en,name_zh,unit,default_pricing,labor_rate,material_rate,hours_per_unit) VALUES ('v2-paint-37','paint','Ceiling Paint','天花板油漆','sqft','Estimate',0,0,0) ON CONFLICT (id) DO NOTHING;
INSERT INTO public.construction_items(id,category_id,name_en,name_zh,unit,default_pricing,labor_rate,material_rate,hours_per_unit) VALUES ('v2-paint-38','paint','Trim Paint','线条油漆','lf','Estimate',0,0,0) ON CONFLICT (id) DO NOTHING;
INSERT INTO public.construction_items(id,category_id,name_en,name_zh,unit,default_pricing,labor_rate,material_rate,hours_per_unit) VALUES ('v2-paint-39','paint','Door Paint','门油漆','ea','Estimate',0,0,0) ON CONFLICT (id) DO NOTHING;
INSERT INTO public.construction_items(id,category_id,name_en,name_zh,unit,default_pricing,labor_rate,material_rate,hours_per_unit) VALUES ('v2-paint-40','paint','Door Frame Paint','门框油漆','ea','Estimate',0,0,0) ON CONFLICT (id) DO NOTHING;
INSERT INTO public.construction_items(id,category_id,name_en,name_zh,unit,default_pricing,labor_rate,material_rate,hours_per_unit) VALUES ('v2-paint-41','paint','Cabinet Paint','橱柜油漆','ea','Estimate',0,0,0) ON CONFLICT (id) DO NOTHING;
INSERT INTO public.construction_items(id,category_id,name_en,name_zh,unit,default_pricing,labor_rate,material_rate,hours_per_unit) VALUES ('v2-paint-42','paint','Exterior Paint','外墙油漆','sqft','Estimate',0,0,0) ON CONFLICT (id) DO NOTHING;
INSERT INTO public.construction_items(id,category_id,name_en,name_zh,unit,default_pricing,labor_rate,material_rate,hours_per_unit) VALUES ('v2-paint-43','paint','Fence Paint','围栏油漆','lf','Estimate',0,0,0) ON CONFLICT (id) DO NOTHING;
INSERT INTO public.construction_items(id,category_id,name_en,name_zh,unit,default_pricing,labor_rate,material_rate,hours_per_unit) VALUES ('v2-paint-44','paint','Deck Paint','露台油漆','sqft','Estimate',0,0,0) ON CONFLICT (id) DO NOTHING;
INSERT INTO public.construction_items(id,category_id,name_en,name_zh,unit,default_pricing,labor_rate,material_rate,hours_per_unit) VALUES ('v2-paint-45','paint','Pressure Washing','高压清洗','sqft','Estimate',0,0,0) ON CONFLICT (id) DO NOTHING;
INSERT INTO public.construction_items(id,category_id,name_en,name_zh,unit,default_pricing,labor_rate,material_rate,hours_per_unit) VALUES ('v2-flooring-46','flooring','Laminate Installation','强化复合地板安装','sqft','Estimate',0,0,0) ON CONFLICT (id) DO NOTHING;
INSERT INTO public.construction_items(id,category_id,name_en,name_zh,unit,default_pricing,labor_rate,material_rate,hours_per_unit) VALUES ('v2-flooring-47','flooring','Engineered Hardwood','工程实木地板','sqft','Estimate',0,0,0) ON CONFLICT (id) DO NOTHING;
INSERT INTO public.construction_items(id,category_id,name_en,name_zh,unit,default_pricing,labor_rate,material_rate,hours_per_unit) VALUES ('v2-flooring-48','flooring','Stone Installation','石材安装','sqft','Estimate',0,0,0) ON CONFLICT (id) DO NOTHING;
INSERT INTO public.construction_items(id,category_id,name_en,name_zh,unit,default_pricing,labor_rate,material_rate,hours_per_unit) VALUES ('v2-flooring-49','flooring','Carpet Installation','地毯安装','sqft','Estimate',0,0,0) ON CONFLICT (id) DO NOTHING;
INSERT INTO public.construction_items(id,category_id,name_en,name_zh,unit,default_pricing,labor_rate,material_rate,hours_per_unit) VALUES ('v2-flooring-50','flooring','Moisture Barrier','防潮层','sqft','Estimate',0,0,0) ON CONFLICT (id) DO NOTHING;
INSERT INTO public.construction_items(id,category_id,name_en,name_zh,unit,default_pricing,labor_rate,material_rate,hours_per_unit) VALUES ('v2-flooring-51','flooring','Sound Underlayment','隔音垫层','sqft','Estimate',0,0,0) ON CONFLICT (id) DO NOTHING;
INSERT INTO public.construction_items(id,category_id,name_en,name_zh,unit,default_pricing,labor_rate,material_rate,hours_per_unit) VALUES ('v2-flooring-52','flooring','Transition Strip','过渡条','lf','Estimate',0,0,0) ON CONFLICT (id) DO NOTHING;
INSERT INTO public.construction_items(id,category_id,name_en,name_zh,unit,default_pricing,labor_rate,material_rate,hours_per_unit) VALUES ('v2-electrical-53','electrical','Standard Outlet','标准插座','ea','Estimate',0,0,0) ON CONFLICT (id) DO NOTHING;
INSERT INTO public.construction_items(id,category_id,name_en,name_zh,unit,default_pricing,labor_rate,material_rate,hours_per_unit) VALUES ('v2-electrical-54','electrical','GFCI Outlet','GFCI 插座','ea','Estimate',0,0,0) ON CONFLICT (id) DO NOTHING;
INSERT INTO public.construction_items(id,category_id,name_en,name_zh,unit,default_pricing,labor_rate,material_rate,hours_per_unit) VALUES ('v2-electrical-55','electrical','AFCI Breaker','AFCI 断路器','ea','Estimate',0,0,0) ON CONFLICT (id) DO NOTHING;
INSERT INTO public.construction_items(id,category_id,name_en,name_zh,unit,default_pricing,labor_rate,material_rate,hours_per_unit) VALUES ('v2-electrical-56','electrical','Switch','开关','ea','Estimate',0,0,0) ON CONFLICT (id) DO NOTHING;
INSERT INTO public.construction_items(id,category_id,name_en,name_zh,unit,default_pricing,labor_rate,material_rate,hours_per_unit) VALUES ('v2-electrical-57','electrical','Dimmer Switch','调光开关','ea','Estimate',0,0,0) ON CONFLICT (id) DO NOTHING;
INSERT INTO public.construction_items(id,category_id,name_en,name_zh,unit,default_pricing,labor_rate,material_rate,hours_per_unit) VALUES ('v2-electrical-58','electrical','Pendant Light','吊灯','ea','Estimate',0,0,0) ON CONFLICT (id) DO NOTHING;
INSERT INTO public.construction_items(id,category_id,name_en,name_zh,unit,default_pricing,labor_rate,material_rate,hours_per_unit) VALUES ('v2-electrical-59','electrical','Wall Sconce','壁灯','ea','Estimate',0,0,0) ON CONFLICT (id) DO NOTHING;
INSERT INTO public.construction_items(id,category_id,name_en,name_zh,unit,default_pricing,labor_rate,material_rate,hours_per_unit) VALUES ('v2-electrical-60','electrical','Ceiling Fan','吊扇','ea','Estimate',0,0,0) ON CONFLICT (id) DO NOTHING;
INSERT INTO public.construction_items(id,category_id,name_en,name_zh,unit,default_pricing,labor_rate,material_rate,hours_per_unit) VALUES ('v2-electrical-61','electrical','Bathroom Exhaust Fan','浴室排气扇','ea','Estimate',0,0,0) ON CONFLICT (id) DO NOTHING;
INSERT INTO public.construction_items(id,category_id,name_en,name_zh,unit,default_pricing,labor_rate,material_rate,hours_per_unit) VALUES ('v2-electrical-62','electrical','Smoke Detector','烟雾报警器','ea','Estimate',0,0,0) ON CONFLICT (id) DO NOTHING;
INSERT INTO public.construction_items(id,category_id,name_en,name_zh,unit,default_pricing,labor_rate,material_rate,hours_per_unit) VALUES ('v2-electrical-63','electrical','Carbon Monoxide Detector','一氧化碳报警器','ea','Estimate',0,0,0) ON CONFLICT (id) DO NOTHING;
INSERT INTO public.construction_items(id,category_id,name_en,name_zh,unit,default_pricing,labor_rate,material_rate,hours_per_unit) VALUES ('v2-electrical-64','electrical','New Circuit','新增电路','ea','Estimate',0,0,0) ON CONFLICT (id) DO NOTHING;
INSERT INTO public.construction_items(id,category_id,name_en,name_zh,unit,default_pricing,labor_rate,material_rate,hours_per_unit) VALUES ('v2-electrical-65','electrical','Sub Panel','副电箱','ea','Estimate',0,0,0) ON CONFLICT (id) DO NOTHING;
INSERT INTO public.construction_items(id,category_id,name_en,name_zh,unit,default_pricing,labor_rate,material_rate,hours_per_unit) VALUES ('v2-plumbing-66','plumbing','Faucet Installation','水龙头安装','ea','Estimate',0,0,0) ON CONFLICT (id) DO NOTHING;
INSERT INTO public.construction_items(id,category_id,name_en,name_zh,unit,default_pricing,labor_rate,material_rate,hours_per_unit) VALUES ('v2-plumbing-67','plumbing','Kitchen Sink','厨房水槽','ea','Estimate',0,0,0) ON CONFLICT (id) DO NOTHING;
INSERT INTO public.construction_items(id,category_id,name_en,name_zh,unit,default_pricing,labor_rate,material_rate,hours_per_unit) VALUES ('v2-plumbing-68','plumbing','Bathroom Sink','浴室水槽','ea','Estimate',0,0,0) ON CONFLICT (id) DO NOTHING;
INSERT INTO public.construction_items(id,category_id,name_en,name_zh,unit,default_pricing,labor_rate,material_rate,hours_per_unit) VALUES ('v2-plumbing-69','plumbing','Garbage Disposal','厨余处理器','ea','Estimate',0,0,0) ON CONFLICT (id) DO NOTHING;
INSERT INTO public.construction_items(id,category_id,name_en,name_zh,unit,default_pricing,labor_rate,material_rate,hours_per_unit) VALUES ('v2-plumbing-70','plumbing','Smart Toilet','智能马桶','ea','Estimate',0,0,0) ON CONFLICT (id) DO NOTHING;
INSERT INTO public.construction_items(id,category_id,name_en,name_zh,unit,default_pricing,labor_rate,material_rate,hours_per_unit) VALUES ('v2-plumbing-71','plumbing','Bathtub Installation','浴缸安装','ea','Estimate',0,0,0) ON CONFLICT (id) DO NOTHING;
INSERT INTO public.construction_items(id,category_id,name_en,name_zh,unit,default_pricing,labor_rate,material_rate,hours_per_unit) VALUES ('v2-plumbing-72','plumbing','Shower Enclosure','淋浴房','ea','Estimate',0,0,0) ON CONFLICT (id) DO NOTHING;
INSERT INTO public.construction_items(id,category_id,name_en,name_zh,unit,default_pricing,labor_rate,material_rate,hours_per_unit) VALUES ('v2-plumbing-73','plumbing','Tankless Water Heater','无水箱热水器','ea','Estimate',0,0,0) ON CONFLICT (id) DO NOTHING;
INSERT INTO public.construction_items(id,category_id,name_en,name_zh,unit,default_pricing,labor_rate,material_rate,hours_per_unit) VALUES ('v2-plumbing-74','plumbing','Copper Repipe','铜管重铺','job','Estimate',0,0,0) ON CONFLICT (id) DO NOTHING;
INSERT INTO public.construction_items(id,category_id,name_en,name_zh,unit,default_pricing,labor_rate,material_rate,hours_per_unit) VALUES ('v2-plumbing-75','plumbing','PEX Repipe','PEX 管重铺','job','Estimate',0,0,0) ON CONFLICT (id) DO NOTHING;
INSERT INTO public.construction_items(id,category_id,name_en,name_zh,unit,default_pricing,labor_rate,material_rate,hours_per_unit) VALUES ('v2-plumbing-76','plumbing','Drain Repair','下水管维修','job','Estimate',0,0,0) ON CONFLICT (id) DO NOTHING;
INSERT INTO public.construction_items(id,category_id,name_en,name_zh,unit,default_pricing,labor_rate,material_rate,hours_per_unit) VALUES ('v2-plumbing-77','plumbing','Water Filtration System','净水系统','ea','Estimate',0,0,0) ON CONFLICT (id) DO NOTHING;
INSERT INTO public.construction_items(id,category_id,name_en,name_zh,unit,default_pricing,labor_rate,material_rate,hours_per_unit) VALUES ('v2-hvac-78','hvac','Furnace Replacement','暖炉更换','ea','Estimate',0,0,0) ON CONFLICT (id) DO NOTHING;
INSERT INTO public.construction_items(id,category_id,name_en,name_zh,unit,default_pricing,labor_rate,material_rate,hours_per_unit) VALUES ('v2-hvac-79','hvac','Central AC','中央空调','ea','Estimate',0,0,0) ON CONFLICT (id) DO NOTHING;
INSERT INTO public.construction_items(id,category_id,name_en,name_zh,unit,default_pricing,labor_rate,material_rate,hours_per_unit) VALUES ('v2-hvac-80','hvac','Heat Pump','热泵','ea','Estimate',0,0,0) ON CONFLICT (id) DO NOTHING;
INSERT INTO public.construction_items(id,category_id,name_en,name_zh,unit,default_pricing,labor_rate,material_rate,hours_per_unit) VALUES ('v2-hvac-81','hvac','Duct Installation','风管安装','lf','Estimate',0,0,0) ON CONFLICT (id) DO NOTHING;
INSERT INTO public.construction_items(id,category_id,name_en,name_zh,unit,default_pricing,labor_rate,material_rate,hours_per_unit) VALUES ('v2-hvac-82','hvac','Duct Replacement','风管更换','lf','Estimate',0,0,0) ON CONFLICT (id) DO NOTHING;
INSERT INTO public.construction_items(id,category_id,name_en,name_zh,unit,default_pricing,labor_rate,material_rate,hours_per_unit) VALUES ('v2-hvac-83','hvac','Smart Thermostat','智能温控器','ea','Estimate',0,0,0) ON CONFLICT (id) DO NOTHING;
INSERT INTO public.construction_items(id,category_id,name_en,name_zh,unit,default_pricing,labor_rate,material_rate,hours_per_unit) VALUES ('v2-hvac-84','hvac','Attic Insulation','阁楼保温','sqft','Estimate',0,0,0) ON CONFLICT (id) DO NOTHING;
INSERT INTO public.construction_items(id,category_id,name_en,name_zh,unit,default_pricing,labor_rate,material_rate,hours_per_unit) VALUES ('v2-hvac-85','hvac','Wall Insulation','墙体保温','sqft','Estimate',0,0,0) ON CONFLICT (id) DO NOTHING;
INSERT INTO public.construction_items(id,category_id,name_en,name_zh,unit,default_pricing,labor_rate,material_rate,hours_per_unit) VALUES ('v2-hvac-86','hvac','Crawlspace Insulation','地下空间保温','sqft','Estimate',0,0,0) ON CONFLICT (id) DO NOTHING;
INSERT INTO public.construction_items(id,category_id,name_en,name_zh,unit,default_pricing,labor_rate,material_rate,hours_per_unit) VALUES ('v2-kitchen-87','kitchen','Semi Custom Cabinets','半定制橱柜','lf','Estimate',0,0,0) ON CONFLICT (id) DO NOTHING;
INSERT INTO public.construction_items(id,category_id,name_en,name_zh,unit,default_pricing,labor_rate,material_rate,hours_per_unit) VALUES ('v2-kitchen-88','kitchen','Custom Cabinets','全定制橱柜','lf','Estimate',0,0,0) ON CONFLICT (id) DO NOTHING;
INSERT INTO public.construction_items(id,category_id,name_en,name_zh,unit,default_pricing,labor_rate,material_rate,hours_per_unit) VALUES ('v2-kitchen-89','kitchen','Granite Countertop','花岗岩台面','sqft','Estimate',0,0,0) ON CONFLICT (id) DO NOTHING;
INSERT INTO public.construction_items(id,category_id,name_en,name_zh,unit,default_pricing,labor_rate,material_rate,hours_per_unit) VALUES ('v2-kitchen-90','kitchen','Marble Countertop','大理石台面','sqft','Estimate',0,0,0) ON CONFLICT (id) DO NOTHING;
INSERT INTO public.construction_items(id,category_id,name_en,name_zh,unit,default_pricing,labor_rate,material_rate,hours_per_unit) VALUES ('v2-kitchen-91','kitchen','Kitchen Island','中岛','ea','Estimate',0,0,0) ON CONFLICT (id) DO NOTHING;
INSERT INTO public.construction_items(id,category_id,name_en,name_zh,unit,default_pricing,labor_rate,material_rate,hours_per_unit) VALUES ('v2-kitchen-92','kitchen','Range Hood','抽油烟机','ea','Estimate',0,0,0) ON CONFLICT (id) DO NOTHING;
INSERT INTO public.construction_items(id,category_id,name_en,name_zh,unit,default_pricing,labor_rate,material_rate,hours_per_unit) VALUES ('v2-kitchen-93','kitchen','Dishwasher Installation','洗碗机安装','ea','Estimate',0,0,0) ON CONFLICT (id) DO NOTHING;
INSERT INTO public.construction_items(id,category_id,name_en,name_zh,unit,default_pricing,labor_rate,material_rate,hours_per_unit) VALUES ('v2-kitchen-94','kitchen','Oven Installation','烤箱安装','ea','Estimate',0,0,0) ON CONFLICT (id) DO NOTHING;
INSERT INTO public.construction_items(id,category_id,name_en,name_zh,unit,default_pricing,labor_rate,material_rate,hours_per_unit) VALUES ('v2-kitchen-95','kitchen','Refrigerator Hookup','冰箱接通','ea','Estimate',0,0,0) ON CONFLICT (id) DO NOTHING;
INSERT INTO public.construction_items(id,category_id,name_en,name_zh,unit,default_pricing,labor_rate,material_rate,hours_per_unit) VALUES ('v2-bath-96','bath','Double Vanity','双盆浴室柜','ea','Estimate',0,0,0) ON CONFLICT (id) DO NOTHING;
INSERT INTO public.construction_items(id,category_id,name_en,name_zh,unit,default_pricing,labor_rate,material_rate,hours_per_unit) VALUES ('v2-bath-97','bath','Mirror Installation','镜子安装','ea','Estimate',0,0,0) ON CONFLICT (id) DO NOTHING;
INSERT INTO public.construction_items(id,category_id,name_en,name_zh,unit,default_pricing,labor_rate,material_rate,hours_per_unit) VALUES ('v2-bath-98','bath','Medicine Cabinet','药品柜','ea','Estimate',0,0,0) ON CONFLICT (id) DO NOTHING;
INSERT INTO public.construction_items(id,category_id,name_en,name_zh,unit,default_pricing,labor_rate,material_rate,hours_per_unit) VALUES ('v2-bath-99','bath','Walk In Shower','步入式淋浴','ea','Estimate',0,0,0) ON CONFLICT (id) DO NOTHING;
INSERT INTO public.construction_items(id,category_id,name_en,name_zh,unit,default_pricing,labor_rate,material_rate,hours_per_unit) VALUES ('v2-bath-100','bath','Shower Pan','淋浴盆底','ea','Estimate',0,0,0) ON CONFLICT (id) DO NOTHING;
INSERT INTO public.construction_items(id,category_id,name_en,name_zh,unit,default_pricing,labor_rate,material_rate,hours_per_unit) VALUES ('v2-bath-101','bath','Glass Shower Door','玻璃淋浴门','ea','Estimate',0,0,0) ON CONFLICT (id) DO NOTHING;
INSERT INTO public.construction_items(id,category_id,name_en,name_zh,unit,default_pricing,labor_rate,material_rate,hours_per_unit) VALUES ('v2-bath-102','bath','Tile Wall','瓷砖墙','sqft','Estimate',0,0,0) ON CONFLICT (id) DO NOTHING;
INSERT INTO public.construction_items(id,category_id,name_en,name_zh,unit,default_pricing,labor_rate,material_rate,hours_per_unit) VALUES ('v2-bath-103','bath','Tile Floor','瓷砖地板','sqft','Estimate',0,0,0) ON CONFLICT (id) DO NOTHING;
INSERT INTO public.construction_items(id,category_id,name_en,name_zh,unit,default_pricing,labor_rate,material_rate,hours_per_unit) VALUES ('v2-bath-104','bath','Waterproofing','防水处理','sqft','Estimate',0,0,0) ON CONFLICT (id) DO NOTHING;
INSERT INTO public.construction_items(id,category_id,name_en,name_zh,unit,default_pricing,labor_rate,material_rate,hours_per_unit) VALUES ('v2-bath-105','bath','Niche','壁龛','ea','Estimate',0,0,0) ON CONFLICT (id) DO NOTHING;
INSERT INTO public.construction_items(id,category_id,name_en,name_zh,unit,default_pricing,labor_rate,material_rate,hours_per_unit) VALUES ('v2-doorwindow-106','doorwindow','Solid Core Door','实芯门','ea','Estimate',0,0,0) ON CONFLICT (id) DO NOTHING;
INSERT INTO public.construction_items(id,category_id,name_en,name_zh,unit,default_pricing,labor_rate,material_rate,hours_per_unit) VALUES ('v2-doorwindow-107','doorwindow','French Door','法式门','ea','Estimate',0,0,0) ON CONFLICT (id) DO NOTHING;
INSERT INTO public.construction_items(id,category_id,name_en,name_zh,unit,default_pricing,labor_rate,material_rate,hours_per_unit) VALUES ('v2-doorwindow-108','doorwindow','Entry Door','入户门','ea','Estimate',0,0,0) ON CONFLICT (id) DO NOTHING;
INSERT INTO public.construction_items(id,category_id,name_en,name_zh,unit,default_pricing,labor_rate,material_rate,hours_per_unit) VALUES ('v2-doorwindow-109','doorwindow','Fire Door','防火门','ea','Estimate',0,0,0) ON CONFLICT (id) DO NOTHING;
INSERT INTO public.construction_items(id,category_id,name_en,name_zh,unit,default_pricing,labor_rate,material_rate,hours_per_unit) VALUES ('v2-doorwindow-110','doorwindow','Window Replacement','窗户更换','ea','Estimate',0,0,0) ON CONFLICT (id) DO NOTHING;
INSERT INTO public.construction_items(id,category_id,name_en,name_zh,unit,default_pricing,labor_rate,material_rate,hours_per_unit) VALUES ('v2-doorwindow-111','doorwindow','Double Pane Window','双层玻璃窗','ea','Estimate',0,0,0) ON CONFLICT (id) DO NOTHING;
INSERT INTO public.construction_items(id,category_id,name_en,name_zh,unit,default_pricing,labor_rate,material_rate,hours_per_unit) VALUES ('v2-doorwindow-112','doorwindow','Screen Installation','纱窗安装','ea','Estimate',0,0,0) ON CONFLICT (id) DO NOTHING;
INSERT INTO public.construction_items(id,category_id,name_en,name_zh,unit,default_pricing,labor_rate,material_rate,hours_per_unit) VALUES ('v2-roof-113','roof','Tile Roof','瓦片屋顶','sq','Estimate',0,0,0) ON CONFLICT (id) DO NOTHING;
INSERT INTO public.construction_items(id,category_id,name_en,name_zh,unit,default_pricing,labor_rate,material_rate,hours_per_unit) VALUES ('v2-roof-114','roof','Metal Roof','金属屋顶','sq','Estimate',0,0,0) ON CONFLICT (id) DO NOTHING;
INSERT INTO public.construction_items(id,category_id,name_en,name_zh,unit,default_pricing,labor_rate,material_rate,hours_per_unit) VALUES ('v2-roof-115','roof','Flat Roof','平屋顶','sq','Estimate',0,0,0) ON CONFLICT (id) DO NOTHING;
INSERT INTO public.construction_items(id,category_id,name_en,name_zh,unit,default_pricing,labor_rate,material_rate,hours_per_unit) VALUES ('v2-roof-116','roof','Flashing','泛水板','lf','Estimate',0,0,0) ON CONFLICT (id) DO NOTHING;
INSERT INTO public.construction_items(id,category_id,name_en,name_zh,unit,default_pricing,labor_rate,material_rate,hours_per_unit) VALUES ('v2-roof-117','roof','Ridge Vent','屋脊通风','lf','Estimate',0,0,0) ON CONFLICT (id) DO NOTHING;
INSERT INTO public.construction_items(id,category_id,name_en,name_zh,unit,default_pricing,labor_rate,material_rate,hours_per_unit) VALUES ('v2-roof-118','roof','Skylight','天窗','ea','Estimate',0,0,0) ON CONFLICT (id) DO NOTHING;
INSERT INTO public.construction_items(id,category_id,name_en,name_zh,unit,default_pricing,labor_rate,material_rate,hours_per_unit) VALUES ('v2-siding-119','siding','New Stucco','新拉毛','sqft','Estimate',0,0,0) ON CONFLICT (id) DO NOTHING;
INSERT INTO public.construction_items(id,category_id,name_en,name_zh,unit,default_pricing,labor_rate,material_rate,hours_per_unit) VALUES ('v2-siding-120','siding','Siding Installation','外墙板安装','sqft','Estimate',0,0,0) ON CONFLICT (id) DO NOTHING;
INSERT INTO public.construction_items(id,category_id,name_en,name_zh,unit,default_pricing,labor_rate,material_rate,hours_per_unit) VALUES ('v2-siding-121','siding','Fiber Cement Siding','纤维水泥板','sqft','Estimate',0,0,0) ON CONFLICT (id) DO NOTHING;
INSERT INTO public.construction_items(id,category_id,name_en,name_zh,unit,default_pricing,labor_rate,material_rate,hours_per_unit) VALUES ('v2-siding-122','siding','Exterior Waterproofing','外墙防水','sqft','Estimate',0,0,0) ON CONFLICT (id) DO NOTHING;
INSERT INTO public.construction_items(id,category_id,name_en,name_zh,unit,default_pricing,labor_rate,material_rate,hours_per_unit) VALUES ('v2-siding-123','siding','Fascia Repair','封檐板修复','lf','Estimate',0,0,0) ON CONFLICT (id) DO NOTHING;
INSERT INTO public.construction_items(id,category_id,name_en,name_zh,unit,default_pricing,labor_rate,material_rate,hours_per_unit) VALUES ('v2-siding-124','siding','Eave Repair','屋檐修复','lf','Estimate',0,0,0) ON CONFLICT (id) DO NOTHING;
INSERT INTO public.construction_items(id,category_id,name_en,name_zh,unit,default_pricing,labor_rate,material_rate,hours_per_unit) VALUES ('v2-concrete-125','concrete','Driveway','车道','sqft','Estimate',0,0,0) ON CONFLICT (id) DO NOTHING;
INSERT INTO public.construction_items(id,category_id,name_en,name_zh,unit,default_pricing,labor_rate,material_rate,hours_per_unit) VALUES ('v2-concrete-126','concrete','Sidewalk','人行道','sqft','Estimate',0,0,0) ON CONFLICT (id) DO NOTHING;
INSERT INTO public.construction_items(id,category_id,name_en,name_zh,unit,default_pricing,labor_rate,material_rate,hours_per_unit) VALUES ('v2-concrete-127','concrete','Patio Slab','露台板','sqft','Estimate',0,0,0) ON CONFLICT (id) DO NOTHING;
INSERT INTO public.construction_items(id,category_id,name_en,name_zh,unit,default_pricing,labor_rate,material_rate,hours_per_unit) VALUES ('v2-concrete-128','concrete','Foundation Repair','地基修复','job','Estimate',0,0,0) ON CONFLICT (id) DO NOTHING;
INSERT INTO public.construction_items(id,category_id,name_en,name_zh,unit,default_pricing,labor_rate,material_rate,hours_per_unit) VALUES ('v2-concrete-129','concrete','Garage Floor','车库地坪','sqft','Estimate',0,0,0) ON CONFLICT (id) DO NOTHING;
INSERT INTO public.construction_items(id,category_id,name_en,name_zh,unit,default_pricing,labor_rate,material_rate,hours_per_unit) VALUES ('v2-concrete-130','concrete','Retaining Wall Footing','挡土墙基础','lf','Estimate',0,0,0) ON CONFLICT (id) DO NOTHING;
INSERT INTO public.construction_items(id,category_id,name_en,name_zh,unit,default_pricing,labor_rate,material_rate,hours_per_unit) VALUES ('v2-concrete-131','concrete','Concrete Cutting','混凝土切割','lf','Estimate',0,0,0) ON CONFLICT (id) DO NOTHING;
INSERT INTO public.construction_items(id,category_id,name_en,name_zh,unit,default_pricing,labor_rate,material_rate,hours_per_unit) VALUES ('v2-concrete-132','concrete','Concrete Demolition','混凝土拆除','sqft','Estimate',0,0,0) ON CONFLICT (id) DO NOTHING;
INSERT INTO public.construction_items(id,category_id,name_en,name_zh,unit,default_pricing,labor_rate,material_rate,hours_per_unit) VALUES ('v2-landscape-133','landscape','Artificial Turf','人造草坪','sqft','Estimate',0,0,0) ON CONFLICT (id) DO NOTHING;
INSERT INTO public.construction_items(id,category_id,name_en,name_zh,unit,default_pricing,labor_rate,material_rate,hours_per_unit) VALUES ('v2-landscape-134','landscape','Natural Sod','天然草皮','sqft','Estimate',0,0,0) ON CONFLICT (id) DO NOTHING;
INSERT INTO public.construction_items(id,category_id,name_en,name_zh,unit,default_pricing,labor_rate,material_rate,hours_per_unit) VALUES ('v2-landscape-135','landscape','Irrigation System','灌溉系统','job','Estimate',0,0,0) ON CONFLICT (id) DO NOTHING;
INSERT INTO public.construction_items(id,category_id,name_en,name_zh,unit,default_pricing,labor_rate,material_rate,hours_per_unit) VALUES ('v2-landscape-136','landscape','Pavers','铺路砖','sqft','Estimate',0,0,0) ON CONFLICT (id) DO NOTHING;
INSERT INTO public.construction_items(id,category_id,name_en,name_zh,unit,default_pricing,labor_rate,material_rate,hours_per_unit) VALUES ('v2-landscape-137','landscape','Retaining Wall','挡土墙','sqft','Estimate',0,0,0) ON CONFLICT (id) DO NOTHING;
INSERT INTO public.construction_items(id,category_id,name_en,name_zh,unit,default_pricing,labor_rate,material_rate,hours_per_unit) VALUES ('v2-landscape-138','landscape','Drainage System','排水系统','job','Estimate',0,0,0) ON CONFLICT (id) DO NOTHING;
INSERT INTO public.construction_items(id,category_id,name_en,name_zh,unit,default_pricing,labor_rate,material_rate,hours_per_unit) VALUES ('v2-landscape-139','landscape','Landscape Lighting','景观照明','ea','Estimate',0,0,0) ON CONFLICT (id) DO NOTHING;
INSERT INTO public.construction_items(id,category_id,name_en,name_zh,unit,default_pricing,labor_rate,material_rate,hours_per_unit) VALUES ('v2-fence-140','fence','Redwood Fence','红木围栏','lf','Estimate',0,0,0) ON CONFLICT (id) DO NOTHING;
INSERT INTO public.construction_items(id,category_id,name_en,name_zh,unit,default_pricing,labor_rate,material_rate,hours_per_unit) VALUES ('v2-fence-141','fence','Pressure Treated Fence','防腐木围栏','lf','Estimate',0,0,0) ON CONFLICT (id) DO NOTHING;
INSERT INTO public.construction_items(id,category_id,name_en,name_zh,unit,default_pricing,labor_rate,material_rate,hours_per_unit) VALUES ('v2-fence-142','fence','Iron Fence','铁艺围栏','lf','Estimate',0,0,0) ON CONFLICT (id) DO NOTHING;
INSERT INTO public.construction_items(id,category_id,name_en,name_zh,unit,default_pricing,labor_rate,material_rate,hours_per_unit) VALUES ('v2-fence-143','fence','Side Gate','侧门','ea','Estimate',0,0,0) ON CONFLICT (id) DO NOTHING;
INSERT INTO public.construction_items(id,category_id,name_en,name_zh,unit,default_pricing,labor_rate,material_rate,hours_per_unit) VALUES ('v2-fence-144','fence','Automatic Gate','自动门','ea','Estimate',0,0,0) ON CONFLICT (id) DO NOTHING;
INSERT INTO public.construction_items(id,category_id,name_en,name_zh,unit,default_pricing,labor_rate,material_rate,hours_per_unit) VALUES ('v2-fence-145','fence','Fence Repair','围栏维修','job','Estimate',0,0,0) ON CONFLICT (id) DO NOTHING;
INSERT INTO public.construction_items(id,category_id,name_en,name_zh,unit,default_pricing,labor_rate,material_rate,hours_per_unit) VALUES ('v2-deck-146','deck','Wood Deck','木质露台','sqft','Estimate',0,0,0) ON CONFLICT (id) DO NOTHING;
INSERT INTO public.construction_items(id,category_id,name_en,name_zh,unit,default_pricing,labor_rate,material_rate,hours_per_unit) VALUES ('v2-deck-147','deck','Trex Deck','Trex 露台','sqft','Estimate',0,0,0) ON CONFLICT (id) DO NOTHING;
INSERT INTO public.construction_items(id,category_id,name_en,name_zh,unit,default_pricing,labor_rate,material_rate,hours_per_unit) VALUES ('v2-deck-148','deck','Deck Stairs','露台台阶','ea','Estimate',0,0,0) ON CONFLICT (id) DO NOTHING;
INSERT INTO public.construction_items(id,category_id,name_en,name_zh,unit,default_pricing,labor_rate,material_rate,hours_per_unit) VALUES ('v2-deck-149','deck','Deck Railing','露台栏杆','lf','Estimate',0,0,0) ON CONFLICT (id) DO NOTHING;
INSERT INTO public.construction_items(id,category_id,name_en,name_zh,unit,default_pricing,labor_rate,material_rate,hours_per_unit) VALUES ('v2-deck-150','deck','Pergola','凉亭','ea','Estimate',0,0,0) ON CONFLICT (id) DO NOTHING;
INSERT INTO public.construction_items(id,category_id,name_en,name_zh,unit,default_pricing,labor_rate,material_rate,hours_per_unit) VALUES ('v2-deck-151','deck','Outdoor Kitchen','户外厨房','job','Estimate',0,0,0) ON CONFLICT (id) DO NOTHING;
INSERT INTO public.construction_items(id,category_id,name_en,name_zh,unit,default_pricing,labor_rate,material_rate,hours_per_unit) VALUES ('v2-adu-152','adu','Permit Application','许可证申请','job','Estimate',0,0,0) ON CONFLICT (id) DO NOTHING;
INSERT INTO public.construction_items(id,category_id,name_en,name_zh,unit,default_pricing,labor_rate,material_rate,hours_per_unit) VALUES ('v2-adu-153','adu','Architectural Design','建筑设计','job','Estimate',0,0,0) ON CONFLICT (id) DO NOTHING;
INSERT INTO public.construction_items(id,category_id,name_en,name_zh,unit,default_pricing,labor_rate,material_rate,hours_per_unit) VALUES ('v2-adu-154','adu','Structural Engineering','结构工程','job','Estimate',0,0,0) ON CONFLICT (id) DO NOTHING;
INSERT INTO public.construction_items(id,category_id,name_en,name_zh,unit,default_pricing,labor_rate,material_rate,hours_per_unit) VALUES ('v2-adu-155','adu','Site Preparation','场地准备','job','Estimate',0,0,0) ON CONFLICT (id) DO NOTHING;
INSERT INTO public.construction_items(id,category_id,name_en,name_zh,unit,default_pricing,labor_rate,material_rate,hours_per_unit) VALUES ('v2-adu-156','adu','Foundation','地基','sqft','Estimate',0,0,0) ON CONFLICT (id) DO NOTHING;
INSERT INTO public.construction_items(id,category_id,name_en,name_zh,unit,default_pricing,labor_rate,material_rate,hours_per_unit) VALUES ('v2-adu-157','adu','Framing','框架','sqft','Estimate',0,0,0) ON CONFLICT (id) DO NOTHING;
INSERT INTO public.construction_items(id,category_id,name_en,name_zh,unit,default_pricing,labor_rate,material_rate,hours_per_unit) VALUES ('v2-adu-158','adu','Roofing','屋顶','sqft','Estimate',0,0,0) ON CONFLICT (id) DO NOTHING;
INSERT INTO public.construction_items(id,category_id,name_en,name_zh,unit,default_pricing,labor_rate,material_rate,hours_per_unit) VALUES ('v2-adu-159','adu','Electrical','电气','job','Estimate',0,0,0) ON CONFLICT (id) DO NOTHING;
INSERT INTO public.construction_items(id,category_id,name_en,name_zh,unit,default_pricing,labor_rate,material_rate,hours_per_unit) VALUES ('v2-adu-160','adu','Plumbing','水暖','job','Estimate',0,0,0) ON CONFLICT (id) DO NOTHING;
INSERT INTO public.construction_items(id,category_id,name_en,name_zh,unit,default_pricing,labor_rate,material_rate,hours_per_unit) VALUES ('v2-adu-161','adu','HVAC','暖通','job','Estimate',0,0,0) ON CONFLICT (id) DO NOTHING;
INSERT INTO public.construction_items(id,category_id,name_en,name_zh,unit,default_pricing,labor_rate,material_rate,hours_per_unit) VALUES ('v2-adu-162','adu','Insulation','保温','sqft','Estimate',0,0,0) ON CONFLICT (id) DO NOTHING;
INSERT INTO public.construction_items(id,category_id,name_en,name_zh,unit,default_pricing,labor_rate,material_rate,hours_per_unit) VALUES ('v2-adu-163','adu','Drywall','石膏板','sqft','Estimate',0,0,0) ON CONFLICT (id) DO NOTHING;
INSERT INTO public.construction_items(id,category_id,name_en,name_zh,unit,default_pricing,labor_rate,material_rate,hours_per_unit) VALUES ('v2-adu-164','adu','Flooring','地板','sqft','Estimate',0,0,0) ON CONFLICT (id) DO NOTHING;
INSERT INTO public.construction_items(id,category_id,name_en,name_zh,unit,default_pricing,labor_rate,material_rate,hours_per_unit) VALUES ('v2-adu-165','adu','Kitchen Package','厨房套装','job','Estimate',0,0,0) ON CONFLICT (id) DO NOTHING;
INSERT INTO public.construction_items(id,category_id,name_en,name_zh,unit,default_pricing,labor_rate,material_rate,hours_per_unit) VALUES ('v2-adu-166','adu','Bathroom Package','卫浴套装','job','Estimate',0,0,0) ON CONFLICT (id) DO NOTHING;
INSERT INTO public.construction_items(id,category_id,name_en,name_zh,unit,default_pricing,labor_rate,material_rate,hours_per_unit) VALUES ('v2-adu-167','adu','Final Inspection','最终验收','job','Estimate',0,0,0) ON CONFLICT (id) DO NOTHING;
INSERT INTO public.construction_items(id,category_id,name_en,name_zh,unit,default_pricing,labor_rate,material_rate,hours_per_unit) VALUES ('v2-lowvoltage-168','lowvoltage','Security Camera','安防摄像头','ea','Estimate',0,0,0) ON CONFLICT (id) DO NOTHING;
INSERT INTO public.construction_items(id,category_id,name_en,name_zh,unit,default_pricing,labor_rate,material_rate,hours_per_unit) VALUES ('v2-lowvoltage-169','lowvoltage','NVR Installation','NVR 安装','ea','Estimate',0,0,0) ON CONFLICT (id) DO NOTHING;
INSERT INTO public.construction_items(id,category_id,name_en,name_zh,unit,default_pricing,labor_rate,material_rate,hours_per_unit) VALUES ('v2-lowvoltage-170','lowvoltage','Network Cable Cat6','Cat6 网线','lf','Estimate',0,0,0) ON CONFLICT (id) DO NOTHING;
INSERT INTO public.construction_items(id,category_id,name_en,name_zh,unit,default_pricing,labor_rate,material_rate,hours_per_unit) VALUES ('v2-lowvoltage-171','lowvoltage','Access Control','门禁系统','ea','Estimate',0,0,0) ON CONFLICT (id) DO NOTHING;
INSERT INTO public.construction_items(id,category_id,name_en,name_zh,unit,default_pricing,labor_rate,material_rate,hours_per_unit) VALUES ('v2-lowvoltage-172','lowvoltage','Doorbell Camera','门铃摄像头','ea','Estimate',0,0,0) ON CONFLICT (id) DO NOTHING;
INSERT INTO public.construction_items(id,category_id,name_en,name_zh,unit,default_pricing,labor_rate,material_rate,hours_per_unit) VALUES ('v2-lowvoltage-173','lowvoltage','WiFi Access Point','WiFi 接入点','ea','Estimate',0,0,0) ON CONFLICT (id) DO NOTHING;
INSERT INTO public.construction_items(id,category_id,name_en,name_zh,unit,default_pricing,labor_rate,material_rate,hours_per_unit) VALUES ('v2-lowvoltage-174','lowvoltage','Audio System','音响系统','job','Estimate',0,0,0) ON CONFLICT (id) DO NOTHING;
INSERT INTO public.construction_items(id,category_id,name_en,name_zh,unit,default_pricing,labor_rate,material_rate,hours_per_unit) VALUES ('v2-lowvoltage-175','lowvoltage','TV Mounting','电视安装','ea','Estimate',0,0,0) ON CONFLICT (id) DO NOTHING;
INSERT INTO public.construction_items(id,category_id,name_en,name_zh,unit,default_pricing,labor_rate,material_rate,hours_per_unit) VALUES ('v2-lowvoltage-176','lowvoltage','Smart Home System','智能家居系统','job','Estimate',0,0,0) ON CONFLICT (id) DO NOTHING;
INSERT INTO public.construction_items(id,category_id,name_en,name_zh,unit,default_pricing,labor_rate,material_rate,hours_per_unit) VALUES ('v2-general-177','general','Permit Fee','许可证费用','job','Estimate',0,0,0) ON CONFLICT (id) DO NOTHING;
INSERT INTO public.construction_items(id,category_id,name_en,name_zh,unit,default_pricing,labor_rate,material_rate,hours_per_unit) VALUES ('v2-general-178','general','Engineering Fee','工程师费用','job','Estimate',0,0,0) ON CONFLICT (id) DO NOTHING;
INSERT INTO public.construction_items(id,category_id,name_en,name_zh,unit,default_pricing,labor_rate,material_rate,hours_per_unit) VALUES ('v2-general-179','general','Architectural Fee','建筑师费用','job','Estimate',0,0,0) ON CONFLICT (id) DO NOTHING;
INSERT INTO public.construction_items(id,category_id,name_en,name_zh,unit,default_pricing,labor_rate,material_rate,hours_per_unit) VALUES ('v2-general-180','general','Project Management Fee','项目管理费','job','Estimate',0,0,0) ON CONFLICT (id) DO NOTHING;
INSERT INTO public.construction_items(id,category_id,name_en,name_zh,unit,default_pricing,labor_rate,material_rate,hours_per_unit) VALUES ('v2-general-181','general','Site Protection','现场保护','job','Estimate',0,0,0) ON CONFLICT (id) DO NOTHING;
INSERT INTO public.construction_items(id,category_id,name_en,name_zh,unit,default_pricing,labor_rate,material_rate,hours_per_unit) VALUES ('v2-general-182','general','Dumpster Rental','垃圾箱租赁','job','Estimate',0,0,0) ON CONFLICT (id) DO NOTHING;
INSERT INTO public.construction_items(id,category_id,name_en,name_zh,unit,default_pricing,labor_rate,material_rate,hours_per_unit) VALUES ('v2-general-183','general','Final Cleaning','最终清洁','job','Estimate',0,0,0) ON CONFLICT (id) DO NOTHING;
INSERT INTO public.construction_items(id,category_id,name_en,name_zh,unit,default_pricing,labor_rate,material_rate,hours_per_unit) VALUES ('v2-general-184','general','Change Order','变更单','job','Estimate',0,0,0) ON CONFLICT (id) DO NOTHING;
INSERT INTO public.construction_items(id,category_id,name_en,name_zh,unit,default_pricing,labor_rate,material_rate,hours_per_unit) VALUES ('v2-general-185','general','Mobilization','进场动员','job','Estimate',0,0,0) ON CONFLICT (id) DO NOTHING;
INSERT INTO public.construction_items(id,category_id,name_en,name_zh,unit,default_pricing,labor_rate,material_rate,hours_per_unit) VALUES ('v2-general-186','general','Inspection Coordination','验收协调','job','Estimate',0,0,0) ON CONFLICT (id) DO NOTHING;

-- Default Terms & Conditions
INSERT INTO public.terms_conditions(title,body,locale,is_default,sort_order) VALUES
('Standard Terms','This estimate is valid for 30 days from the date of issue. Prices are subject to change based on final material selections and site conditions. A signed contract and deposit are required to schedule work. Any changes to the scope of work will be documented as a change order.','en',true,1),
('标准条款','此报价单自签发之日起30天内有效。最终价格可能因材料选择及现场情况而调整。开工前需签订正式合同并支付定金。任何工程范围变更将以书面变更单形式确认。','zh',true,2)
ON CONFLICT DO NOTHING;

-- Default PDF Template
INSERT INTO public.pdf_templates(name,description,config,is_default) VALUES ('Standard Estimate','Default bilingual estimate template','{"header":{"showLogo":true,"showCompany":true},"footer":{"showLicense":true,"showWebsite":true},"columns":["description","qty","unit","price","amount"],"locale":"en"}'::jsonb,true) ON CONFLICT DO NOTHING;

-- System Settings
INSERT INTO public.system_settings(key,value,description) VALUES ('default_currency','"USD"'::jsonb,'Default currency') ON CONFLICT (key) DO NOTHING;
INSERT INTO public.system_settings(key,value,description) VALUES ('default_locale','"en"'::jsonb,'Default locale (en|zh)') ON CONFLICT (key) DO NOTHING;
INSERT INTO public.system_settings(key,value,description) VALUES ('default_tax_rate','"0"'::jsonb,'Default sales tax rate (percent)') ON CONFLICT (key) DO NOTHING;
INSERT INTO public.system_settings(key,value,description) VALUES ('estimate_valid_days','30'::jsonb,'Estimate validity period in days') ON CONFLICT (key) DO NOTHING;
INSERT INTO public.system_settings(key,value,description) VALUES ('estimate_number_prefix','"EST-"'::jsonb,'Prefix for auto-generated estimate numbers') ON CONFLICT (key) DO NOTHING;

